INSERT INTO public."Instrumento" ("Nombre_instrumento")
VALUES ('Voz'),
       ('Batería'),
       ('Saxofón'),
       ('Guitarra'),
       ('Bajo'),
       ('Violín'),
       ('Piano'),
       ('Guitarra eléctrica'),
       ('Contrabajo'),
       ('Teclado'),
       ('Clarinete'),
       ('Trompeta'),
       ('Banjo'),
       ('Armónica');

INSERT INTO public."Músico_toca_Instrumento" ("DNI_músico_Músico", "Nombre_instrumeto_Instrumento")
VALUES ('93047208H', 'Voz'),
       ('93047208H', 'Guitarra'),
       ('42388398L', 'Batería'),
       ('79040279C', 'Saxofón'),
       ('04422909D', 'Bajo'),
       ('02818849S', 'Violín'),
       ('95234568D', 'Piano'),
       ('14659513A', 'Guitarra eléctrica'),
       ('14659513A', 'Contrabajo'),
       ('62889235J', 'Teclado'),
       ('33962453D', 'Trompeta'),
       ('51218682M', 'Banjo'),
       ('88616700T', 'Armónica'),
       ('63518611V', 'Voz'),
       ('07489924C', 'Voz'),
       ('59982807A', 'Teclado'),
       ('99977417M', 'Banjo'),
       ('84125276Q', 'Saxofón'),
       ('95817055K', 'Banjo'),
       ('95817055K', 'Armónica'),
       ('78166007R', 'Guitarra eléctrica'),
       ('02631330S', 'Violín'),
       ('04975985G', 'Voz'),
       ('76058746T', 'Contrabajo'),
       ('23342475M', 'Voz'),
       ('23342475M', 'Guitarra eléctrica'),
       ('41998822V', 'Batería');

INSERT INTO public."Formato Físico" ("Referencia", "Tipo")
VALUES (1, 'CD'),
       (2, 'LP');

INSERT INTO public."Formato Digital" ("Referencia", "Tipo", "Tamaño_Mbytes")
VALUES (3, 'MP3', '50'),
       (4, 'MP3', '100'),
       (5, 'MP3', '150'),
       (6, 'MP3', '200'),
       (7, 'ACC', '50'),
       (8, 'ACC', '100'),
       (9, 'ACC', '150'),
       (10, 'ACC', '200'),
       (11, 'WMA', '50'),
       (12, 'WMA', '100'),
       (13, 'WMA', '150'),
       (14, 'WMA', '200'),
       (15, 'FLAC', '50'),
       (16, 'FLAC', '100'),
       (17, 'FLAC', '150'),
       (18, 'FLAC', '200');
       
INSERT INTO public."Formato" ("Referencia", "Tipo")
VALUES (1, 'CD'),
       (2, 'LP'),
       (3, 'MP3'),
       (4, 'MP3'),
       (5, 'MP3'),
       (6, 'MP3'),
       (7, 'ACC'),
       (8, 'ACC'),
       (9, 'ACC'),
       (10, 'ACC'),
       (11, 'WMA'),
       (12, 'WMA'),
       (13, 'WMA'),
       (14, 'WMA'),
       (15, 'FLAC'),
       (16, 'FLAC'),
       (17, 'FLAC'),
       (18, 'FLAC');

INSERT INTO Public."Disco" ("Num_referencia", "Titulo", "Género", "Fecha_edición", "Referencia_Formato")
VALUES (1, 'Perdedor', 'Jazz', '01/04/2018', 4),
       (2, 'La cuarta pantalla', 'Jazz', '18/11/1999', 6),
       (3, 'Que lujos', 'Heavy Metal', '20/03/2018', 2),
       (4, 'Hello', 'Pop', '05/06/2016', 16),
       (5, 'Por la cara', 'Blues', '30/05/2018', 18),
       (6, 'Algun dia...', 'Blues', '04/12/2017', 12),
       (7, 'Por ti, por mi, por ellos', 'Blues', '27/10/2018', 10),
       (8, 'Controlador', 'Jazz', '03/05/2017', 5),
       (9, 'Ir yendo', 'Jazz', '14/02/2016', 10),
       (10, 'La despedida', 'Pop', '06/07/2018', 14),
       (11, 'Hasta luego', 'Jazz', '24/10/2017', 15),
       (12, 'White celebration', 'Blues', '07/08/2017', 3),
       (13, 'Tierra', 'Rock', '05/07/2018', 2),
       (14, 'False', 'Rock', '07/05/2018', 1),
       (15, 'Blue rain', 'Rock', '11/11/2016', 2),
       (16, 'Never young', 'Rock', '10/05/2016', 2);

INSERT INTO Public."Cancion" ("Duracion","Fecha","Nombre","Numero_Disco")
Values  (2,'27/8/2016','Hijo del sol',1),
	(3,'27/8/2016','A jesus le pido',1),
	(2,'27/8/2016','Me doy por vencido',1),
	(6,'05/01/1998','Y nos dieron las 11',1),
	(7,'05/01/1998','Corazon roto',1),
	(3,'08/08/2012','Con miedo a todo',1),
	(4,'08/08/2012','Entre dos mares',1),
	(4,'08/08/2012','Ocupado',2),
	(5,'08/08/2012','Cantabrico',2),
	(6,'04/12/2000','Hombre lobo en Paris',2),
	(4,'04/12/2000','La gorda',3),
	(4,'04/12/2000','500 dias y 19 noches',3),
	(4,'07/01/2006','No me cuesta olvidarte',3),
	(4,'07/01/2006','Sorda, ciegamuda',3),
	(4,'16/11/2011','Ojala que llueva cola-cao',3),
	(6,'16/11/2011','A quien no le importa',3),
	(7,'16/11/2011','Maldito Leprecound',3),
	(7,'25/07/1993','Chica de hoy',4),
	(3,'25/07/1993','Se vino',4),
	(2,'25/07/1993','Barrio de los sueños partios',5),
	(8,'25/07/1993','Tu y todos',5),
	(5,'01/03/2001','Morire',5),
	(5,'01/03/2001','Leyendas de heroe',5),
	(6,'10/12/2002','Como chuleton',6),
	(4,'10/12/2002','Viviendo the crazy life',6),
	(4,'14/08/1994','Hombre contra hombre',6),
	(4,'14/08/1994','No me dejes',6),
	(4,'14/08/1994','Contigo soy algo',6),
	(5,'14/08/1994','Madrid',6),
	(3,'23/09/2007','Santa Aurelia',6),
	(2,'23/09/2007','Ocho vidas',6),
	(3,'23/09/2007','No es por ti',6),
	(4,'25/10/2002','El sitio de mi patio',7),
	(7,'25/10/2002','Cuentame una historia',7),
	(5,'07/06/1996','Solo le pido a Jesus',7),
	(4,'07/06/1996','Escuela de frio',8),
	(6,'07/06/1996','Maria',8),
	(5,'18/06/2017','Bailar separados',9),
	(6,'18/06/2017','0',10),
	(4,'18/06/2017','Sabor de desamor',10),
	(6,'21/04/2018','Mago',10),
	(3,'21/04/2018','Alicia en el pais de las maravillas',10),
	(5,'27/06/2015','Si tu vuelves',10),
	(6,'27/06/2015','Alli no hay playa',10),
	(4,'28/05/2018','Devuelveme la muerte',11),
	(6,'28/05/2018','Desconteminame',11),
	(4,'28/05/2018','Aquellas grandes cosas',11),
	(3,'09/06/1999','Esos locos altos',11),
	(4,'09/06/1999','Agua',11),
	(5,'09/06/1999','Cantabria',11),
	(5,'09/06/1999','No hemos cambiado',11),
	(3,'12/02/2011','Es lo mismo',12),
	(3,'12/02/2011','Cinco cosas',13),
	(4,'12/02/2011','Una amapola es una amapola',13),
	(5,'18/10/2009','Lio',13),
	(3,'18/10/2009','Barco a marte',13),
	(5,'04/05/1998','La distancia de tu piel',14),
	(3,'04/05/1998','Manos al suelo',15),
	(6,'09/02/2010','Me importa todo',16),
	(8,'09/02/2010','Voy en moto',16),
	(5,'09/02/2010','Mi hogar',16),
	(7,'10/06/2001','Cuando la tierra te tenga',16);

INSERT INTO public."Grupo"
VALUES (1, 'Maldita Nerea', 'Jazz'),
       (2, 'Little Big', 'Rock'),
       (3, 'Beatles', 'Pop'),
       (4, 'Maroon5', 'Heavy Metal'),
       (5, 'Queen', 'Blues'),
       (6, 'Green Day', 'Blues');

INSERT INTO public."Usuario"
VALUES('12595629R','Charlie','Walls','cwalls@gmail.com',100),
      ('30398427V','Jose Antonio','Lozano','Josean@gmail.com',150),
      ('00665757E','Armando','Blazquez','armandovarullo@gmail.com',25),
      ('14560607C','German','Velazquez','germanpintor@gmail.com',200),
      ('58819222B','Bruno','Cortes','Bruneitor@gmail.com',0),
      ('43422293H','Sofia','Altron','soysofi@gmail.com',0),
      ('27814752R','Rebeca','Rodriguez','Rbcrodri@gmail.com',100),
      ('01435787N','Mar','Echeverria','echevemar@gmail.com',75),
      ('39278938K','Malena','Ferrera','missmalena@gmail.com',50),
      ('35251416Y','Oscar','Simon','O4Csimon@gmail.com',25),
      ('59398930G','Francisco','Margot','francisquillo11@gmail.com',225),
      ('96744568J','Rosa','Estrigena','Rossestrie@gmail.com',100),
      ('83527993C','Alberto','Trinidad','albertrini@gmail.com',25),
      ('74210404F','David','Canales','dcanales@gmail.com',0),
      ('50572557L','Marina','Arribas','marribas@gmail.com',50),
      ('20207055Z','Livia','Nievas','livitas@gmail.com',125);

INSERT INTO public."Músico" ("DNI_músico", "Apellidos_músico", "Nombre_músico", "Provincia", "Código_postal", "Dirección", "Ciudad", "Código_grupo_Grupo")
VALUES ('93047208H', 'Sanz Delgado', 'Lucas', 'Lugo', '27002', 'Ronda da Muralla, 37', 'Lugo', 2),
       ('42388398L', 'Duran Dominguez', 'Cristian', 'Badajoz', '06011', 'Calle Santo Domingo, 4', 'Badajoz', 1),
       ('79040279C', 'Aguilar Navarro', 'Mario', 'Albacete', '02049', 'Calle Melegriz, 7', 'Aguas Nuevas', 6),
       ('04422909D', 'Vidal Carrasco', 'Daniel', 'Madrid', '28806', 'Calle Dámaso Alonso, 17', 'Alcalá de Henares', 6),
       ('02818849S', 'Serrano Herrera', 'Helena', 'Madrid', '28029', 'Calle de Molina, 22', 'Madrid', 5),
       ('95234568D', 'Leon Sanchez', 'Blanca', 'Madrid', '28024', 'Calle de Melchor Fernández Almagro, 12', 'Madrid', 5),
       ('14659513A', 'Cruz González', 'Bruno', 'Murcia', '30007', 'Calle Pico de la Panocha, 56', 'Murcia', 5),
       ('62889235J', 'Gallego Alonso', 'Pol', 'Sevilla', '41820', 'Calle Tres de Abril, 11', 'Carrión de los Céspedes', 5),
       ('33962453D', 'Blanco Martinez', 'Saray', 'Valladolid', '47155', 'Calle Real, 7', 'Santovenia del Pisuerga', null),
       ('51218682M', 'Lozano Romero', 'Juan', 'Cuenca', '16002', 'Calle Princesa Zaida, 18', 'Cuenca', 3),
       ('88616700T', 'Font Ruiz', 'Unai', 'Vizcaya', '48002', 'Calle Henao, 32', 'Bilbao', 7),
       ('63518611V', 'Castillo Cortés', 'Carolina', 'Castellón', '12001', 'Calle de la Higuera, 8', 'Castellón', 6),
       ('07489924C', 'Molina Bravo', 'Gabriela', 'Zaragoza', '50009', 'Calle Agustina de Aragón, 29', 'Zaragoza', 2),
       ('59982807A', 'Garrido Santiago', 'Jon', 'Zamora', '49012', 'Calle Pelayo, 6', 'Zamora', 2),
       ('99977417M', 'Navarro Montero', 'José', 'Barcelona', '08840', 'Av. del Progrés, 37', 'Viladecans', 2),
       ('84125276Q', 'Morales Marquez', 'Héctor', 'Valencia', '46010', 'Calle Lepanto, 81', 'Valencia', null),
       ('95817055K', 'Mora Blanco', 'Miriam', 'Málaga', '29012', 'Calle Tampa, 10', 'Málaga', 2),
       ('78166007R', 'Moreno Ortiz', 'Lola', 'Madrid', '28902', 'Calle Moraleja, 42', 'Getafe', 6),
       ('02631330S', 'Moya Ruiz', 'Paola', 'Castilla la Mancha', '45800', 'Calle Ramón y Cajal, 1', 'Quintanar de la Orden', 1),
       ('04975985G', 'Caballero Molina', 'José', 'Salamanca', '37185', 'Calle Larga, 47', 'Villamayor', 2),
       ('76058746T', 'Hidalgo Alonso', 'Samuel', 'Madrid', '28749', 'Calle del Embalse, 12', 'Pinilla del Valle', 1),
       ('23342475M', 'Delgado Molina', 'Izan', 'Tarragona', '43481', 'Carrer de Tarragona, 51', 'Vilaseca', 3),
       ('41998822V', 'Gallego Rojas', 'Valentina', 'Orense', '32667', 'Rúa Suarez, 36', 'Allariz', null);

INSERT INTO public."Músico_compone_Canción" ("DNI_músico_Músico", "Nombre_canción_Canción")
VALUES  ('93047208H','Hijo del sol'),
	('93047208H','A jesus le pido'),
	('93047208H','Me doy por vencido'),
	('93047208H','Y nos dieron las 11'),
	('93047208H','Corazon roto'),
	('93047208H','Con miedo a todo'),
	('93047208H','Entre dos mares'),
	('02818849S','Ocupado'),
	('02818849S','Cantabrico'),
	('02818849S','Hombre lobo en Paris'),
	('88616700T','La gorda'),
	('88616700T','500 dias y 19 noches'),
	('88616700T','No me cuesta olvidarte'),
	('88616700T','Sorda, ciegamuda'),
	('88616700T','Ojala que llueva cola-cao'),
	('88616700T','A quien no le importa'),
	('88616700T','Maldito Leprecound'),
	('63518611V','Chica de hoy'),
	('63518611V','Se vino'),
	('63518611V','Barrio de los sueños partios'),
	('63518611V','Tu y todos'),
	('63518611V','Morire'),
	('63518611V','Leyendas de heroe'),
	('63518611V','Como chuleton'),
	('63518611V','Viviendo the crazy life'),
	('63518611V','Hombre contra hombre'),
	('63518611V','No me dejes'),
	('63518611V','Contigo soy algo'),
	('63518611V','Madrid'),
	('63518611V','Santa Aurelia'),
	('63518611V','Ocho vidas'),
	('63518611V','No es por ti'),
	('76058746T','El sitio de mi patio'),
	('76058746T','Cuentame una historia'),
	('76058746T','Solo le pido a Jesus'),
	('76058746T','Escuela de frio'),
	('76058746T','Maria'),
	('76058746T','Bailar separados'),
	('76058746T','0'),
	('41998822V','Sabor de desamor'),
	('41998822V','Mago'),
	('41998822V','Alicia en el pais de las maravillas'),
	('41998822V','Si tu vuelves'),
	('41998822V','Alli no hay playa'),
	('41998822V','Devuelveme la muerte'),
	('41998822V','Desconteminame'),
	('41998822V','Aquellas grandes cosas'),
	('41998822V','Esos locos altos'),
	('41998822V','Agua'),
	('41998822V','Cantabria'),
	('41998822V','No hemos cambiado'),
	('41998822V','Es lo mismo'),
	('41998822V','Cinco cosas'),
	('41998822V','Una amapola es una amapola'),
	('41998822V','Lio'),
	('41998822V','Barco a marte'),
	('41998822V','La distancia de tu piel'),
	('41998822V','Manos al suelo'),
	('41998822V','Me importa todo'),
	('41998822V','Voy en moto'),
	('41998822V','Mi hogar'),
	('41998822V','Cuando la tierra te tenga');

INSERT INTO public."Concierto"
VALUES(1, '16-06-2015','EEUU', 'Nueva York','Madison Triangle Garden'),
      (2, '19-06-2017','Inglaterra', 'Londres''O3 Arena'),
      (3, '03-03-2000','España', 'Madrid','Wozink Center'),
      (4, '11-10-2005','Inglaterra', 'Manchester','Manchaster Arena'),
      (5, '29-12-2008','EEUU', 'Nueva York','Barcleys Center'),
      (6, '06-12-1998','España', 'Madrid','Palacio de Vistatriste'),
      (7, '27-04-2001','Australia', 'Sydney', 'Somephones Arena');

INSERT INTO public."Grupo_da_Concierto" ("Código_grupo_Grupo", "Código_concierto_Concierto")
VALUES (1,1),
       (3,1),
       (4,1),
       (5,2),
       (4,3),
       (6,3),
       (1,4),
       (4,4),
       (6,4),
       (3,5),
       (4,5),
       (5,5),
       (6,5),
       (4,6),
       (5,6);